{
  "version": 1,
  "author": "Ashok AK",
  "editor": "wokwi",
  "parts": [
    { "type": "wokwi-breadboard-half", "id": "bb1", "top": 54.6, "left": -160.4, "attrs": {} },
    {
      "type": "wokwi-esp32-devkit-v1",
      "id": "esp",
      "top": 47.47,
      "left": -360.25,
      "rotate": 180,
      "attrs": {}
    },
    {
      "type": "wokwi-pushbutton",
      "id": "btn1",
      "top": 296.1,
      "left": -61.11,
      "attrs": { "color": "yellow" }
    },
    {
      "type": "wokwi-pushbutton",
      "id": "btn2",
      "top": 296.09,
      "left": -158.85,
      "attrs": { "color": "red" }
    },
    {
      "type": "wokwi-pushbutton",
      "id": "btn3",
      "top": 297.32,
      "left": 141.18,
      "attrs": { "color": "blue" }
    },
    {
      "type": "wokwi-pushbutton",
      "id": "btn4",
      "top": 295.93,
      "left": 35.06,
      "attrs": { "color": "black" }
    },
    {
      "type": "wokwi-relay-module",
      "id": "relay1",
      "top": -91.13,
      "left": 57.71,
      "rotate": 270,
      "attrs": {}
    },
    {
      "type": "wokwi-relay-module",
      "id": "relay2",
      "top": -89.8,
      "left": -11.6,
      "rotate": 270,
      "attrs": {}
    },
    {
      "type": "wokwi-relay-module",
      "id": "relay3",
      "top": -89.7,
      "left": -102.82,
      "rotate": 270,
      "attrs": {}
    },
    {
      "type": "wokwi-relay-module",
      "id": "relay4",
      "top": -91.19,
      "left": -181.91,
      "rotate": 270,
      "attrs": {}
    },
    {
      "type": "wokwi-led",
      "id": "led1",
      "top": -195.26,
      "left": -135.16,
      "attrs": { "color": "orange" }
    },
    {
      "type": "wokwi-led",
      "id": "led2",
      "top": -194.03,
      "left": -58.54,
      "attrs": { "color": "green" }
    },
    {
      "type": "wokwi-led",
      "id": "led3",
      "top": -196.72,
      "left": 33.22,
      "attrs": { "color": "red" }
    },
    {
      "type": "wokwi-led",
      "id": "led4",
      "top": -197.3,
      "left": 105.7,
      "attrs": { "color": "yellow" }
    },
    { "type": "wokwi-gnd", "id": "gnd1", "top": 61.14, "left": 205.14, "attrs": {} },
    { "type": "wokwi-gnd", "id": "gnd2", "top": -134.13, "left": -183.31, "attrs": {} },
    { "type": "wokwi-vcc", "id": "vcc1", "top": -30.63, "left": 211.12, "attrs": {} },
    { "type": "wokwi-vcc", "id": "vcc2", "top": -167.49, "left": 198.25, "attrs": {} }
  ],
  "connections": [
    [ "esp:TX0", "$serialMonitor:RX", "", [] ],
    [ "esp:RX0", "$serialMonitor:TX", "", [] ],
    [ "btn2:2.l", "esp:D26", "gold", [ "h-30.72", "v-171.11" ] ],
    [ "btn1:2.l", "esp:D25", "violet", [ "h-8.96", "v12.18", "h-130.29", "v-173.42" ] ],
    [ "btn4:2.l", "esp:D33", "green", [ "h-7.19", "v23.13", "h-243.5", "v-173.42" ] ],
    [ "btn3:2.l", "esp:D32", "orange", [ "h-8.18", "v29.83", "h-359.41", "v-177.91" ] ],
    [ "btn2:1.r", "bb1:bn.5", "black", [ "v0" ] ],
    [ "bb1:bn.13", "btn1:1.r", "black", [ "v0" ] ],
    [ "bb1:bn.21", "btn4:1.r", "black", [ "v0" ] ],
    [ "bb1:bn.25", "btn3:1.r", "black", [ "v15.7", "h82.25" ] ],
    [ "relay4:IN", "esp:D13", "violet", [ "v44.65", "h-75.67", "v60.2" ] ],
    [ "relay3:IN", "esp:D12", "green", [ "v40.46", "h-161.95", "v79.97" ] ],
    [ "relay2:IN", "esp:D14", "gold", [ "v48.65", "h-239.69", "v85.36" ] ],
    [ "relay1:IN", "esp:D27", "orange", [ "v28.41", "h-356.63", "v108.72" ] ],
    [ "relay4:NO", "led1:A", "red", [ "v0" ] ],
    [ "relay3:NO", "led2:A", "red", [ "v0" ] ],
    [ "relay2:NO", "led3:A", "red", [ "v0" ] ],
    [ "relay1:NO", "led4:A", "red", [ "v0" ] ],
    [ "led1:C", "gnd2:GND", "black", [ "v0" ] ],
    [ "led1:C", "led2:C", "black", [ "v19.11", "h72.56" ] ],
    [ "led3:C", "led2:C", "black", [ "v20.57", "h-91.33" ] ],
    [ "led3:C", "led4:C", "black", [ "v21.47", "h3.91" ] ],
    [ "relay4:COM", "relay3:COM", "red", [ "v-17.47", "h72" ] ],
    [ "relay2:COM", "relay3:COM", "red", [ "v-17.06", "h-89.32" ] ],
    [ "relay1:COM", "relay2:COM", "red", [ "v-23.82", "h-87.65" ] ],
    [ "relay4:VCC", "bb1:tp.1", "red", [ "v64.41", "h5.73" ] ],
    [ "relay3:VCC", "bb1:tp.8", "red", [ "v0" ] ],
    [ "relay2:VCC", "bb1:tp.16", "red", [ "v0" ] ],
    [ "relay4:GND", "bb1:tn.2", "black", [ "v0" ] ],
    [ "relay3:GND", "bb1:tn.9", "black", [ "v0" ] ],
    [ "relay2:GND", "bb1:tn.17", "black", [ "v0" ] ],
    [ "relay1:VCC", "bb1:tp.21", "red", [ "v0" ] ],
    [ "relay1:GND", "bb1:tn.23", "black", [ "v0" ] ],
    [ "bb1:tn.25", "bb1:bn.25", "black", [ "v0.11", "h14.86", "v172.52" ] ],
    [ "bb1:tp.25", "vcc1:VCC", "red", [ "v-59.08", "h78.66", "v2.7" ] ],
    [ "bb1:tn.25", "gnd1:GND", "black", [ "v0" ] ],
    [ "vcc2:VCC", "relay1:COM", "red", [ "v6.2", "h-82.94" ] ]
  ],
  "dependencies": {}
}